GeoFIPS,GeoName,Region,TableName,LineCode,IndustryClassification,Description,Unit,1997,1998,1999,2000,2001,2002,2003,2004,2005,2006,2007,2008,2009,2010,2011,2012,2013,2014,2015,2016,2017,2018,2019,2020,2021,2022,2023
 "38000","North Dakota",4,SAGDP8N,1,"...","All industry total ","Quantity index",40.147,42.404,42.578,44.207,44.808,47.041,50.109,50.657,52.413,54.681,57.543,61.968,63.632,68.454,76.597,94.333,96.746,106.479,103.829,96.862,100.000,103.513,104.621,98.530,98.002,96.937,102.626
 "38000","North Dakota",4,SAGDP8N,2,"..."," Private industries ","Quantity index",36.293,38.781,39.110,40.599,41.071,43.154,46.259,46.767,48.859,51.250,54.580,60.029,61.073,65.792,74.820,94.544,97.736,108.138,104.646,96.599,100.000,103.774,104.875,98.294,97.958,96.789,103.156
 "38000","North Dakota",4,SAGDP8N,3,"11","  Agriculture, forestry, fishing and hunting ","Quantity index",36.267,51.859,35.249,45.906,39.323,53.993,74.177,55.738,59.908,67.059,82.236,103.741,108.707,98.924,81.957,129.959,84.840,76.306,81.959,103.822,100.000,113.425,93.177,115.002,113.981,131.719,134.845
 "38000","North Dakota",4,SAGDP8N,4,"111-112","   Farms ","Quantity index",35.197,51.766,34.028,44.617,37.872,53.531,74.334,54.820,59.182,66.482,83.230,105.403,110.616,99.652,82.073,131.826,84.861,75.770,81.354,104.292,100.000,114.384,93.434,116.255,114.798,132.799,(NA)
 "38000","North Dakota",4,SAGDP8N,5,"113-115","   Forestry, fishing, and related activities ","Quantity index",52.402,50.012,52.264,63.768,59.896,57.164,65.309,68.549,69.004,73.606,62.098,70.568,71.177,79.864,74.835,83.146,80.593,84.245,91.005,97.334,100.000,99.997,89.254,98.053,103.436,116.886,(NA)
 "38000","North Dakota",4,SAGDP8N,6,"21","  Mining, quarrying, and oil and gas extraction ","Quantity index",6.588,6.524,6.197,6.222,7.130,6.673,6.563,6.762,7.328,9.655,11.355,15.101,19.059,28.504,46.534,76.955,89.444,114.249,96.211,71.386,100.000,119.963,127.315,105.117,94.945,82.547,97.687
 "38000","North Dakota",4,SAGDP8N,7,"211","   Oil and gas extraction ","Quantity index",5.243,4.064,3.265,2.030,1.772,2.277,1.501,1.911,2.190,2.875,3.711,4.869,9.332,10.885,15.011,30.667,36.819,47.070,66.463,76.530,100.000,100.760,120.319,132.987,112.525,83.981,(NA)
 "38000","North Dakota",4,SAGDP8N,8,"212","   Mining (except oil and gas) ","Quantity index",52.175,65.876,72.059,75.430,78.544,72.759,76.845,62.713,53.747,50.534,54.173,49.714,51.700,55.249,58.557,68.098,89.433,90.369,102.167,107.100,100.000,100.752,92.730,92.006,72.647,70.461,(NA)
 "38000","North Dakota",4,SAGDP8N,9,"213","   Support activities for mining ","Quantity index",2.587,2.085,1.552,2.828,5.080,3.804,4.562,5.765,7.875,13.614,15.734,25.191,23.234,48.150,95.436,146.062,164.177,214.244,126.152,58.895,100.000,154.010,145.889,83.553,87.776,113.741,(NA)
 "38000","North Dakota",4,SAGDP8N,10,"22","  Utilities ","Quantity index",59.187,56.506,61.291,61.126,53.937,54.774,54.421,53.960,51.598,53.222,56.129,59.054,57.141,63.167,69.102,74.908,79.750,81.552,87.486,97.222,100.000,96.593,93.798,96.348,85.727,85.340,88.772
 "38000","North Dakota",4,SAGDP8N,11,"23","  Construction ","Quantity index",52.980,54.000,59.894,55.851,51.414,47.842,49.549,52.217,49.514,48.408,49.034,57.095,66.102,75.762,94.687,121.351,132.162,141.019,134.767,120.988,100.000,92.720,97.169,87.366,84.410,77.265,84.548
 "38000","North Dakota",4,SAGDP8N,12,"31-33","  Manufacturing ","Quantity index",41.821,44.394,44.727,43.022,53.453,56.669,65.586,70.042,79.127,85.618,89.242,97.567,79.232,79.693,84.107,96.186,99.315,103.434,103.100,92.263,100.000,94.120,104.362,104.091,108.726,117.180,124.707
 "38000","North Dakota",4,SAGDP8N,13,"321,327-339","   Durable goods manufacturing ","Quantity index",35.715,42.341,42.622,39.835,48.326,53.910,62.283,66.648,86.020,90.280,90.689,96.786,69.646,73.858,84.573,97.886,96.276,98.250,100.758,84.851,100.000,97.852,111.732,107.922,115.907,128.397,136.356
 "38000","North Dakota",4,SAGDP8N,14,"321","    Wood product manufacturing ","Quantity index",41.965,42.879,38.494,45.621,48.415,60.070,73.231,45.227,54.080,53.379,81.462,89.410,85.386,81.040,97.810,97.764,94.348,69.013,90.612,88.733,100.000,88.246,106.376,98.462,86.345,84.007,(NA)
 "38000","North Dakota",4,SAGDP8N,15,"327","    Nonmetallic mineral product manufacturing ","Quantity index",24.576,26.421,32.867,36.230,47.694,51.210,55.727,66.236,65.605,62.284,67.455,73.232,64.162,82.122,110.782,147.117,157.386,148.301,144.983,127.125,100.000,93.764,130.131,118.828,124.885,112.178,(NA)
 "38000","North Dakota",4,SAGDP8N,16,"331","    Primary metal manufacturing ","Quantity index",5.588,6.750,8.782,8.792,4.916,4.532,3.922,5.241,4.809,3.501,3.897,5.867,11.720,8.348,9.811,15.173,20.094,24.426,35.999,103.599,100.000,108.793,137.617,164.779,131.348,152.445,(NA)
 "38000","North Dakota",4,SAGDP8N,17,"332","    Fabricated metal product manufacturing ","Quantity index",80.514,70.767,60.697,56.409,72.303,68.966,63.359,82.408,102.878,96.001,140.721,150.918,94.600,93.399,129.568,103.092,135.440,134.384,117.963,91.981,100.000,120.350,111.861,141.785,129.854,146.838,(NA)
 "38000","North Dakota",4,SAGDP8N,18,"333","    Machinery manufacturing ","Quantity index",54.379,61.393,63.029,52.109,53.163,60.549,74.214,85.586,114.745,116.403,94.328,117.541,80.523,82.124,87.475,111.624,104.763,112.663,113.863,87.033,100.000,105.968,121.377,116.277,134.657,158.947,(NA)
 "38000","North Dakota",4,SAGDP8N,19,"334","    Computer and electronic product manufacturing ","Quantity index",0.257,3.890,4.307,4.547,13.629,18.140,25.905,26.996,35.280,47.847,66.722,35.945,29.467,32.425,40.224,38.918,32.295,45.750,53.902,41.771,100.000,49.943,51.103,50.399,54.468,51.127,(NA)
 "38000","North Dakota",4,SAGDP8N,20,"335","    Electrical equipment, appliance, and component manufacturing ","Quantity index",24.541,44.274,46.901,43.550,40.627,48.041,18.534,19.801,71.247,77.491,81.832,107.384,59.452,69.708,85.949,100.801,111.311,118.805,126.850,97.647,100.000,107.303,80.134,68.284,62.709,59.658,(NA)
 "38000","North Dakota",4,SAGDP8N,21,"3361-3363","    Motor vehicles, bodies and trailers, and parts manufacturing ","Quantity index",46.688,55.246,56.146,65.539,71.616,69.964,65.224,59.031,70.644,87.425,88.577,86.993,35.512,73.683,105.107,109.649,97.600,72.625,67.733,67.592,100.000,128.311,158.970,134.070,142.973,153.533,(NA)
 "38000","North Dakota",4,SAGDP8N,22,"3364-3466,3369","    Other transportation equipment manufacturing ","Quantity index",30.502,36.509,33.406,35.730,80.078,67.307,53.647,66.959,100.005,94.608,106.948,108.392,84.024,83.862,83.963,90.482,91.951,89.572,95.655,97.758,100.000,89.633,100.701,67.584,84.610,97.439,(NA)
 "38000","North Dakota",4,SAGDP8N,23,"337","    Furniture and related product manufacturing ","Quantity index",69.017,58.607,53.916,68.033,83.041,109.964,103.394,85.499,95.116,104.448,102.226,98.277,82.054,87.168,79.462,72.892,88.347,87.733,90.799,79.746,100.000,98.441,109.751,131.251,115.941,101.081,(NA)
 "38000","North Dakota",4,SAGDP8N,24,"339","    Miscellaneous manufacturing ","Quantity index",60.228,54.925,45.056,45.618,45.604,43.340,44.169,46.802,46.569,51.889,57.268,62.713,68.084,70.732,71.487,90.628,95.849,94.995,87.533,90.817,100.000,104.376,80.805,86.518,101.265,113.265,(NA)
 "38000","North Dakota",4,SAGDP8N,25,"311-316,322-326","   Nondurable goods manufacturing ","Quantity index",56.984,48.412,48.864,49.812,64.595,62.498,72.571,77.219,65.610,76.369,86.023,98.304,95.542,89.574,83.960,94.222,104.788,112.400,107.370,105.267,100.000,87.702,91.671,97.816,96.575,98.463,105.293
 "38000","North Dakota",4,SAGDP8N,26,"311-312","    Food and beverage and tobacco product manufacturing ","Quantity index",70.258,56.855,57.214,58.641,63.889,61.013,71.494,80.416,69.222,89.470,102.398,117.137,107.227,102.290,103.690,113.878,120.958,108.645,101.854,102.378,100.000,87.648,92.495,90.714,98.622,111.218,(NA)
 "38000","North Dakota",4,SAGDP8N,27,"313-314","    Textile mills and textile product mills ","Quantity index",23.631,26.378,30.642,35.475,28.624,29.994,30.348,42.673,41.623,45.162,49.822,63.540,61.141,63.638,60.669,77.573,84.136,91.368,85.230,87.201,100.000,93.492,92.858,96.942,107.861,101.135,(NA)
 "38000","North Dakota",4,SAGDP8N,28,"315-316","    Apparel, leather, and allied product manufacturing ","Quantity index",40.555,46.201,38.588,39.700,73.819,78.067,78.105,96.548,110.629,104.179,97.699,106.053,93.467,107.079,115.867,116.675,121.624,99.891,98.447,95.766,100.000,101.280,121.347,114.205,75.496,41.644,(NA)
 "38000","North Dakota",4,SAGDP8N,29,"322","    Paper manufacturing ","Quantity index",57.541,33.070,43.488,33.873,90.534,99.840,103.927,113.082,125.419,139.152,122.414,118.477,121.914,124.936,133.201,118.187,146.397,138.674,143.032,107.061,100.000,103.309,109.346,120.692,124.888,121.729,(NA)
 "38000","North Dakota",4,SAGDP8N,30,"323","    Printing and related support activities ","Quantity index",60.885,61.348,63.586,65.445,70.086,75.271,78.900,81.448,82.507,83.947,83.394,90.340,86.019,94.602,101.263,108.181,102.294,92.482,85.015,86.132,100.000,81.501,80.782,91.083,105.843,100.259,(NA)
 "38000","North Dakota",4,SAGDP8N,31,"324","    Petroleum and coal products manufacturing ","Quantity index",40.371,46.569,35.195,30.475,116.699,107.150,128.026,119.511,79.725,71.290,70.384,95.136,113.558,87.527,58.039,58.584,67.779,123.808,148.483,117.103,100.000,89.809,131.363,175.126,119.491,87.967,(NA)
 "38000","North Dakota",4,SAGDP8N,32,"325","    Chemical manufacturing ","Quantity index",44.261,25.384,27.897,25.197,43.140,41.327,46.048,33.607,28.409,36.613,58.837,62.341,72.556,66.519,51.174,43.190,90.851,127.157,115.685,107.697,100.000,84.703,45.135,53.081,63.032,85.770,(NA)
 "38000","North Dakota",4,SAGDP8N,33,"326","    Plastics and rubber products manufacturing ","Quantity index",24.565,27.351,31.925,36.826,42.611,44.725,53.012,60.140,60.923,59.847,68.150,63.533,61.435,63.116,60.403,110.007,111.478,124.879,90.784,114.945,100.000,87.544,80.318,88.240,77.489,72.425,(NA)
 "38000","North Dakota",4,SAGDP8N,34,"42","  Wholesale trade ","Quantity index",40.135,42.320,42.345,42.840,43.208,45.271,50.582,55.137,57.720,57.271,59.193,66.728,65.141,74.520,87.114,104.645,112.007,117.991,115.337,101.651,100.000,98.168,96.875,95.440,90.551,83.567,83.249
 "38000","North Dakota",4,SAGDP8N,35,"44-45","  Retail trade ","Quantity index",49.929,54.261,54.824,55.210,56.632,58.705,62.348,61.976,64.462,65.509,64.633,66.022,68.341,73.541,79.484,87.324,95.673,101.722,104.452,100.097,100.000,101.479,103.510,100.627,97.368,88.255,95.106
 "38000","North Dakota",4,SAGDP8N,36,"48-49","  Transportation and warehousing ","Quantity index",38.297,41.803,41.641,43.984,40.974,40.352,43.281,45.950,47.939,51.836,51.779,56.538,54.773,62.508,78.135,101.469,115.291,132.242,119.394,95.943,100.000,100.463,98.905,84.610,88.749,87.339,91.445
 "38000","North Dakota",4,SAGDP8N,37,"481","   Air transportation ","Quantity index",62.135,52.081,53.838,43.773,25.040,31.935,36.387,43.399,47.838,49.381,52.769,52.224,67.055,47.674,57.162,83.347,97.560,99.691,86.892,88.065,100.000,134.620,128.929,35.758,161.757,213.642,(NA)
 "38000","North Dakota",4,SAGDP8N,38,"482","   Rail transportation ","Quantity index",56.877,59.409,59.303,66.463,59.583,52.494,62.110,68.816,76.255,84.759,81.843,89.405,75.455,79.805,73.696,71.614,97.461,106.918,106.161,96.051,100.000,101.862,94.588,83.055,95.678,104.492,(NA)
 "38000","North Dakota",4,SAGDP8N,39,"483","   Water transportation ","Quantity index",2.098,2.775,2.151,3.632,2.435,1.716,2.835,1.989,0.960,0.357,8.346,15.416,23.510,46.386,3.680,137.649,264.115,304.093,129.212,48.842,100.000,118.933,145.651,196.345,346.066,377.388,(NA)
 "38000","North Dakota",4,SAGDP8N,40,"484","   Truck transportation ","Quantity index",32.049,33.785,35.012,36.100,33.746,33.889,34.209,34.525,34.927,38.159,39.843,42.466,45.165,57.706,89.210,129.019,136.710,156.567,133.294,94.777,100.000,96.557,96.585,77.629,73.550,64.704,(NA)
 "38000","North Dakota",4,SAGDP8N,41,"485","   Transit and ground passenger transportation ","Quantity index",70.598,74.167,82.737,88.542,81.913,82.324,88.619,99.269,99.272,105.336,107.304,116.965,113.151,113.486,126.767,135.034,127.323,139.890,132.395,103.176,100.000,89.449,86.906,69.532,86.838,90.908,(NA)
 "38000","North Dakota",4,SAGDP8N,42,"486","   Pipeline transportation ","Quantity index",7.343,23.511,13.783,9.445,15.353,19.002,20.759,23.182,23.449,21.810,23.583,34.531,32.417,34.759,35.313,46.998,59.181,74.651,81.069,94.817,100.000,108.674,103.645,102.826,116.746,117.206,(NA)
 "38000","North Dakota",4,SAGDP8N,43,"487-488,492","   Other transportation and support activities ","Quantity index",45.551,49.182,47.085,52.342,50.834,53.862,53.733,58.252,63.127,64.523,58.625,61.749,59.993,63.422,69.058,81.566,98.031,119.951,117.914,103.415,100.000,102.490,106.458,107.365,97.341,93.563,(NA)
 "38000","North Dakota",4,SAGDP8N,44,"493","   Warehousing and storage ","Quantity index",28.306,36.102,36.536,42.989,41.962,41.484,66.068,74.304,53.883,58.646,51.403,61.641,69.704,57.682,68.742,73.173,85.997,118.229,113.216,102.958,100.000,127.117,141.102,97.530,151.562,267.885,(NA)
 "38000","North Dakota",4,SAGDP8N,45,"51","  Information ","Quantity index",27.245,29.834,30.891,30.248,34.995,39.046,44.811,53.633,54.022,57.348,65.400,68.309,71.997,76.671,75.999,75.193,78.613,81.280,85.009,93.661,100.000,100.521,108.674,108.081,113.773,121.002,131.391
 "38000","North Dakota",4,SAGDP8N,46,"511","   Publishing industries (except Internet) ","Quantity index",19.142,20.980,26.879,24.287,27.100,36.291,44.430,59.705,52.542,54.522,68.540,67.763,71.525,75.198,78.330,86.694,85.749,85.978,80.491,93.818,100.000,104.675,110.888,116.747,115.543,121.625,(NA)
 "38000","North Dakota",4,SAGDP8N,47,"512","   Motion picture and sound recording industries ","Quantity index",30.401,34.586,42.041,33.390,58.550,54.864,44.716,57.973,48.963,49.035,61.557,55.699,93.334,74.657,72.602,70.872,78.581,81.775,88.176,89.500,100.000,85.603,68.072,45.639,57.036,84.075,(NA)
 "38000","North Dakota",4,SAGDP8N,48,"515,517","   Broadcasting (except Internet) and telecommunications ","Quantity index",30.032,32.465,31.684,34.412,36.157,35.179,38.222,44.789,53.021,56.672,61.773,65.569,68.030,71.357,67.822,66.693,74.365,77.822,88.639,92.311,100.000,101.041,110.986,101.717,113.837,118.308,(NA)
 "38000","North Dakota",4,SAGDP8N,49,"518-519","   Data processing, hosting, and other information services ","Quantity index",48.388,56.748,44.402,26.413,64.119,83.341,102.952,90.728,71.650,81.160,76.023,96.222,100.266,126.853,126.646,77.275,71.595,81.518,82.440,103.307,100.000,78.504,91.759,122.782,119.532,146.899,(NA)
 "38000","North Dakota",4,SAGDP8N,50,"52,53","  Finance, insurance, real estate, rental, and leasing ","Quantity index",39.320,40.999,45.211,49.532,50.669,53.142,52.789,52.700,55.320,56.367,61.534,63.636,68.143,69.394,79.703,94.341,95.578,107.952,109.081,104.632,100.000,99.055,95.097,87.515,87.610,91.009,93.659
 "38000","North Dakota",4,SAGDP8N,51,"52","   Finance and insurance ","Quantity index",48.026,53.422,60.071,66.608,68.212,73.956,70.999,65.442,68.472,70.145,70.853,72.709,87.232,86.262,92.535,101.849,79.406,99.954,104.109,103.652,100.000,100.172,103.721,99.303,100.312,90.215,87.981
 "38000","North Dakota",4,SAGDP8N,52,"521-522","    Monetary Authorities- central bank, credit intermediation, and related services ","Quantity index",53.315,63.794,76.473,80.209,80.917,92.184,84.065,75.822,77.223,75.262,70.835,81.104,103.231,95.251,107.276,117.556,90.596,93.243,93.857,101.882,100.000,97.484,100.461,110.423,112.593,87.680,(NA)
 "38000","North Dakota",4,SAGDP8N,53,"523","    Securities, commodity contracts, and other financial investments and related activities ","Quantity index",60.537,58.904,65.353,73.278,96.321,88.004,80.118,78.860,86.150,89.513,69.420,35.746,93.766,90.579,79.271,108.597,111.930,89.579,98.884,107.674,100.000,103.531,94.713,98.213,95.406,114.205,(NA)
 "38000","North Dakota",4,SAGDP8N,54,"524","    Insurance carriers and related activities ","Quantity index",41.150,42.428,43.491,52.517,53.055,54.993,57.282,54.103,58.288,63.311,71.408,68.024,72.173,77.110,79.888,86.315,65.348,107.978,114.822,105.312,100.000,103.489,109.493,85.038,84.316,91.146,(NA)
 "38000","North Dakota",4,SAGDP8N,55,"525","    Funds, trusts, and other financial vehicles ","Quantity index",31.093,47.002,55.909,34.773,40.200,6.685,22.361,12.028,19.300,36.356,26.501,21.998,2.209,15.245,27.116,54.086,109.520,155.207,442.086,80.877,100.000,8.926,14.960,9.661,291.849,146.859,(NA)
 "38000","North Dakota",4,SAGDP8N,56,"53","   Real estate and rental and leasing ","Quantity index",35.823,35.831,39.007,42.399,43.342,44.442,45.200,47.503,49.962,50.742,57.928,60.150,60.686,62.793,74.741,91.569,102.572,111.485,111.303,105.081,100.000,98.525,90.947,81.863,81.527,91.474,96.582
 "38000","North Dakota",4,SAGDP8N,57,"531","    Real estate ","Quantity index",42.480,42.171,46.017,50.101,51.153,52.627,52.758,54.935,58.524,59.015,66.140,69.158,70.782,71.495,82.174,92.771,97.220,101.547,106.289,105.207,100.000,98.743,94.279,86.771,86.295,93.297,(NA)
 "38000","North Dakota",4,SAGDP8N,58,"532-533","    Rental and leasing services and lessors of nonfinancial intangible assets ","Quantity index",11.312,12.498,13.183,14.017,14.566,14.233,17.572,20.509,18.613,20.575,28.341,27.553,23.922,31.387,48.401,89.151,125.340,152.142,132.280,104.535,100.000,97.567,76.002,59.593,59.896,82.731,(NA)
 "38000","North Dakota",4,SAGDP8N,59,"54,55,56","  Professional and business services ","Quantity index",36.590,37.061,39.875,40.846,44.417,46.256,46.607,48.157,51.565,55.120,57.968,62.384,62.241,67.401,74.238,87.553,96.444,109.011,105.101,97.553,100.000,102.833,100.080,96.024,102.431,112.593,117.273
 "38000","North Dakota",4,SAGDP8N,60,"54","   Professional, scientific, and technical services ","Quantity index",32.536,34.202,36.748,35.992,38.827,41.906,42.278,43.772,47.040,50.916,53.806,60.671,60.903,67.106,73.771,88.840,100.048,113.993,108.740,100.332,100.000,102.527,106.505,101.896,103.494,111.680,122.622
 "38000","North Dakota",4,SAGDP8N,61,"5411","    Legal services ","Quantity index",87.530,88.307,91.924,88.576,92.929,89.312,87.987,84.865,79.309,81.547,84.091,91.999,86.074,87.293,91.251,96.622,101.735,100.058,99.900,99.795,100.000,99.628,96.454,96.476,95.331,90.421,(NA)
 "38000","North Dakota",4,SAGDP8N,62,"5415","    Computer systems design and related services ","Quantity index",7.753,11.235,13.384,11.483,13.633,16.169,18.881,25.937,33.360,38.537,48.388,55.960,54.639,57.217,54.192,61.881,69.620,90.832,84.137,86.755,100.000,108.806,116.460,128.251,137.455,155.558,(NA)
 "38000","North Dakota",4,SAGDP8N,63,"5412-5414,5416-5419","    Miscellaneous professional, scientific, and technical services ","Quantity index",34.099,34.620,36.875,37.097,39.727,43.567,43.117,42.957,45.847,49.412,50.011,56.368,57.990,65.919,75.707,94.258,107.338,121.972,116.208,103.632,100.000,101.658,106.214,97.285,97.931,107.024,(NA)
 "38000","North Dakota",4,SAGDP8N,64,"55","   Management of companies and enterprises ","Quantity index",46.844,45.898,47.243,47.429,52.647,52.094,54.607,56.478,55.438,58.201,62.139,62.659,62.250,67.281,68.887,75.436,82.875,93.296,97.126,92.885,100.000,106.437,85.702,90.417,104.737,118.973,120.507
 "38000","North Dakota",4,SAGDP8N,65,"56","   Administrative and support and waste management and remediation services ","Quantity index",38.479,37.274,41.376,46.273,50.339,50.980,50.086,51.538,58.091,61.478,63.420,65.510,64.776,67.790,79.061,93.834,98.829,110.057,103.278,95.138,100.000,101.020,96.527,88.097,99.021,110.540,105.331
 "38000","North Dakota",4,SAGDP8N,66,"561","    Administrative and support services ","Quantity index",38.445,36.996,40.761,46.131,49.667,49.797,49.708,52.111,58.680,62.141,64.565,66.479,65.734,66.688,76.443,87.875,95.227,105.920,99.522,94.615,100.000,102.491,97.525,88.857,99.873,111.778,(NA)
 "38000","North Dakota",4,SAGDP8N,67,"562","    Waste management and remediation services ","Quantity index",37.933,39.000,46.145,46.511,55.350,60.559,52.627,45.784,52.125,54.799,52.274,55.947,55.326,76.169,100.183,142.946,128.145,143.746,133.856,99.350,100.000,89.495,88.609,81.981,92.156,100.819,(NA)
 "38000","North Dakota",4,SAGDP8N,68,"61,62","  Educational services, health care, and social assistance ","Quantity index",52.826,53.075,54.293,56.348,55.950,57.347,59.290,61.544,62.321,64.303,64.894,69.044,71.592,74.437,78.088,81.701,85.054,88.943,94.743,97.466,100.000,102.046,108.343,106.845,112.360,112.518,115.961
 "38000","North Dakota",4,SAGDP8N,69,"61","   Educational services ","Quantity index",71.783,71.744,80.729,88.599,92.010,93.300,93.388,97.731,86.444,88.562,88.329,93.015,99.186,103.696,102.947,104.301,103.899,107.126,106.370,107.844,100.000,102.860,108.679,100.790,108.936,116.186,121.491
 "38000","North Dakota",4,SAGDP8N,70,"62","   Health care and social assistance ","Quantity index",52.077,52.333,53.301,55.161,54.639,56.037,58.036,60.215,61.403,63.377,63.996,68.123,70.539,73.322,77.130,80.824,84.316,88.229,94.284,97.056,100.000,102.014,108.330,107.089,112.498,112.370,115.739
 "38000","North Dakota",4,SAGDP8N,71,"621","    Ambulatory health care services ","Quantity index",41.610,42.173,43.915,45.572,46.064,47.258,48.911,51.472,53.947,56.523,56.897,63.076,64.145,66.193,67.992,76.636,79.864,83.161,89.460,94.272,100.000,104.280,109.394,108.578,118.860,117.124,(NA)
 "38000","North Dakota",4,SAGDP8N,72,"622","    Hospitals ","Quantity index",58.166,57.705,57.486,59.986,57.590,58.872,60.782,63.692,64.668,66.351,68.098,71.154,73.604,76.438,83.572,83.330,85.873,89.372,95.821,97.206,100.000,101.486,113.610,112.204,117.293,118.677,(NA)
 "38000","North Dakota",4,SAGDP8N,73,"623","    Nursing and residential care facilities ","Quantity index",62.655,62.180,63.750,64.538,64.479,68.081,69.752,70.394,68.591,70.000,69.182,71.674,77.281,82.202,85.444,86.259,92.294,98.030,102.317,102.947,100.000,96.829,93.164,91.402,86.628,82.625,(NA)
 "38000","North Dakota",4,SAGDP8N,74,"624","    Social assistance ","Quantity index",59.239,63.263,64.251,65.797,68.314,66.663,72.171,70.666,71.418,72.448,71.166,72.148,75.394,77.415,75.324,77.840,82.665,88.605,94.837,98.624,100.000,104.308,107.735,106.379,111.568,120.622,(NA)
 "38000","North Dakota",4,SAGDP8N,75,"71,72","  Arts, entertainment, recreation, accommodation, and food services ","Quantity index",71.097,70.114,73.189,75.922,71.331,72.393,73.563,79.271,83.624,91.037,102.062,106.254,90.488,92.309,98.575,117.297,122.306,123.935,115.544,102.217,100.000,114.386,122.461,88.627,118.691,127.574,128.572
 "38000","North Dakota",4,SAGDP8N,76,"71","   Arts, entertainment, and recreation ","Quantity index",93.899,84.240,88.346,90.041,82.048,91.635,90.958,90.503,84.621,83.004,82.029,84.880,88.934,94.912,97.082,96.581,95.119,100.343,98.540,97.403,100.000,123.820,127.416,103.300,140.912,171.743,189.394
 "38000","North Dakota",4,SAGDP8N,77,"711-712","    Performing arts, spectator sports, museums, and related activities ","Quantity index",102.267,94.181,91.764,98.441,99.256,113.519,111.328,114.440,99.512,93.322,84.573,94.349,104.893,104.426,107.068,95.774,91.434,94.230,91.273,98.859,100.000,122.136,138.604,114.732,164.896,229.246,(NA)
 "38000","North Dakota",4,SAGDP8N,78,"713","    Amusement, gambling, and recreation industries ","Quantity index",90.063,79.920,86.380,86.176,74.831,82.540,82.457,80.588,78.395,78.670,80.955,80.858,82.136,90.895,92.863,96.947,96.693,102.940,101.624,96.776,100.000,124.543,122.748,98.553,131.114,148.920,(NA)
 "38000","North Dakota",4,SAGDP8N,79,"72","   Accommodation and food services ","Quantity index",67.500,67.825,70.738,73.623,69.557,69.340,70.786,77.419,83.317,92.077,104.879,109.263,90.621,91.839,98.693,120.181,126.115,127.231,117.913,102.881,100.000,113.099,121.782,86.591,115.604,121.570,120.446
 "38000","North Dakota",4,SAGDP8N,80,"721","    Accommodation ","Quantity index",57.462,55.233,58.160,61.294,54.909,54.469,56.095,82.012,98.680,125.575,163.410,182.364,120.217,108.109,99.748,157.259,169.427,156.498,129.381,101.037,100.000,147.722,177.404,92.927,169.689,181.575,(NA)
 "38000","North Dakota",4,SAGDP8N,81,"722","    Food services and drinking places ","Quantity index",73.343,74.806,77.770,80.595,77.517,77.395,78.792,77.126,78.385,79.175,80.922,78.813,78.710,85.368,98.424,105.259,108.674,115.495,113.361,103.604,100.000,99.505,99.925,82.962,95.662,99.503,(NA)
 "38000","North Dakota",4,SAGDP8N,82,"81","  Other services (except government and government enterprises) ","Quantity index",96.252,97.598,100.677,101.380,87.703,89.797,86.752,87.415,86.563,85.564,83.211,80.727,80.179,82.285,84.040,89.827,94.982,103.650,103.952,98.073,100.000,100.095,99.205,91.317,94.284,96.348,94.677
 "38000","North Dakota",4,SAGDP8N,83,"92"," Government and government enterprises ","Quantity index",77.908,77.339,75.824,78.792,80.693,84.341,86.958,87.884,86.336,87.414,85.802,80.473,87.886,93.733,93.917,93.544,88.840,92.623,97.179,98.994,100.000,101.361,102.512,100.171,98.197,98.116,97.533
 "38000","North Dakota",4,SAGDP8N,84,"...","  Federal civilian ","Quantity index",126.555,139.178,134.191,137.021,135.195,127.337,123.790,124.170,125.924,124.898,116.048,60.632,106.185,130.386,119.671,109.614,41.479,42.045,76.223,84.936,100.000,120.087,129.199,117.941,87.760,74.915,76.782
 "38000","North Dakota",4,SAGDP8N,85,"...","  Military ","Quantity index",88.015,82.872,78.499,78.474,80.998,92.746,99.695,100.781,100.401,97.987,95.590,95.435,96.229,98.917,96.087,98.854,97.786,93.984,91.730,98.606,100.000,98.474,100.776,105.222,107.775,103.526,101.910
 "38000","North Dakota",4,SAGDP8N,86,"...","  State and local ","Quantity index",69.266,67.869,67.416,71.018,73.277,76.775,79.315,80.283,78.040,80.140,79.669,79.968,83.697,87.776,90.006,90.259,92.889,98.537,100.746,100.768,100.000,99.635,99.604,97.072,97.579,99.812,99.125
 "38000","North Dakota",4,SAGDP8N,87,"11,21","Natural resources and mining ","Quantity index",12.985,17.201,12.548,15.272,14.149,17.590,22.569,18.070,19.462,23.007,27.820,35.714,40.178,45.755,55.743,90.745,87.578,103.221,91.711,80.026,100.000,118.338,118.917,109.346,101.676,96.724,109.749
 "38000","North Dakota",4,SAGDP8N,88,"42,44-45","Trade ","Quantity index",44.556,47.701,47.967,48.414,49.258,51.322,55.866,58.179,60.718,60.937,61.611,66.413,66.528,74.119,83.883,97.300,105.082,111.095,110.731,101.000,100.000,99.529,99.577,97.553,93.351,85.475,88.067
 "38000","North Dakota",4,SAGDP8N,89,"22,48-49","Transportation and utilities ","Quantity index",46.220,47.430,49.060,50.545,45.989,45.909,47.643,49.159,49.548,52.622,53.666,57.794,55.964,63.103,75.305,92.640,103.446,115.236,108.804,96.363,100.000,99.188,97.229,88.306,87.650,86.580,90.355
 "38000","North Dakota",4,SAGDP8N,90,"31-33,51","Manufacturing and information ","Quantity index",37.145,39.788,40.407,39.069,47.570,51.161,59.069,65.250,71.296,76.747,81.999,88.518,77.511,79.366,82.156,90.220,93.456,97.152,97.999,92.650,100.000,95.846,105.540,105.185,110.085,118.249,126.391
 "38000","North Dakota",4,SAGDP8N,91,"...","Private goods-producing industries 2/","Quantity index",23.173,26.842,24.401,25.330,26.346,28.730,33.910,32.050,34.323,37.674,41.702,49.980,51.206,56.411,66.825,97.735,97.393,110.527,101.932,90.056,100.000,109.136,112.392,104.797,100.533,97.365,108.688
 "38000","North Dakota",4,SAGDP8N,92,"...","Private services-providing industries 3/","Quantity index",44.880,46.610,48.680,50.533,50.676,52.607,54.497,56.516,58.505,60.315,63.214,66.753,67.651,72.122,80.276,92.394,98.001,106.541,106.128,100.157,100.000,100.710,100.615,94.537,96.310,96.525,99.621
"Note: See the included footnote file."
"SAGDP8N: Chain-type quantity indexes for real GDP by state (2017=100.0) 1."
"Last updated: May 23, 2024-- revised statistics for 1997-2016."
"U.S. Bureau of Economic Analysis"
